Id,Poem Name,Poem Number,Poem Line,Has Metaphor,Metaphor Count,Metaphoric Terms,Metaphor Type,Source Domain,Target Domain,Interpretation,Year,Poet
1,සැළලිහිණි සංදේශය,5,පව් රද කඳ නා ලෝ මුල් දිග'තුබ ර,true,3,පව් රද කඳ,standard,කඳ,"පව් රද, මහාමේරු පර්වතය",මහාමේරු පර්වතය නම් වූ කඳ,කෝට්ටේ යුගය,තොටගමුවේ ශ්‍රී රාහුල හිමි
2,සැළලිහිණි සංදේශය,5,පව් රද කඳ නා ලෝ මුල් දිග'තුබ ර,true,3,නා ලෝ මුල්,standard,මුල,"නා ලෝ, නාග ලෝකය",නාග ලෝකය නම් වූ මුල,කෝට්ටේ යුගය,තොටගමුවේ ශ්‍රී රාහුල හිමි
3,සැළලිහිණි සංදේශය,5,පව් රද කඳ නා ලෝ මුල් දිග'තුබ ර,true,3,දිග'තුබ ර,standard,අතු,"දිග, දිසා",දිසා නම් වූ අතු,කෝට්ටේ යුගය,තොටගමුවේ ශ්‍රී රාහුල හිමි
4,සැළලිහිණි සංදේශය,5,ලෙව් තුර සුසැදු යස මිණිමුතු මල් පත ර,true,2,ලෙව් තුර,standard,තුර. ගස,"ලෙව්, ලෝකය",ලෝකය නම් වූ ගස,කෝට්ටේ යුගය,තොටගමුවේ ශ්‍රී රාහුල හිමි
5,සැළලිහිණි සංදේශය,5,ලෙව් තුර සුසැදු යස මිණිමුතු මල් පත ර,true,2,යස මිණිමුතු මල්,standard,"මිණිමුතු මල්, පිපුණු පුෂ්ප","යස, කීර්තිය",කීර්තිය  නම් වූ පිපුණ පුෂ්ප,කෝට්ටේ යුගය,තොටගමුවේ ශ්‍රී රාහුල හිමි
6,සැළලිහිණි සංදේශය,5,සව් සිරි පිරි සුරපුර වන් කැලණි පූ ර,false,0,,,,,,කෝට්ටේ යුගය,තොටගමුවේ ශ්‍රී රාහුල හිමි
7,සැළලිහිණි සංදේශය,5,දෙව් මෙහසුන් විබිසණ සුරිඳුට පව ර,false,0,,,,,,කෝට්ටේ යුගය,තොටගමුවේ ශ්‍රී රාහුල හිමි
8,සැළලිහිණි සංදේශය,8,සැති රත තඹර පෙළ රණ තිසරුන් රුවැ’ ති,false,0,,,,,,කෝට්ටේ යුගය,තොටගමුවේ ශ්‍රී රාහුල හිමි
9,සැළලිහිණි සංදේශය,8,විදි දිය දහර ලෙලදෙන දිගු නරු පටැ’ ති,true,1,විදි දිය දහර ලෙලදෙන දිගු නරු පට,standard,"දිගු නරු පට, දිගට ඇදී ගිය නරුපට","විදි දිය දහර, විසිරි ගියා වූ දිය වැල්",විසිරි ගියා වූ දිය වැල් නැමැති දිගට ඇදී ගිය නරුපට,කෝට්ටේ යුගය,තොටගමුවේ ශ්‍රී රාහුල හිමි
10,සැළලිහිණි සංදේශය,8,දිය වන්නා නැමැ ති ඇදි පුර අඟන පට සළු සිරි රැපැයි නි තිරැඳි රළ රළැ’ති හොය,true,3,රළ රළැ’ති,standard,රැළි,රළ,රළ  නම් වූ රැළි,කෝට්ටේ යුගය,තොටගමුවේ ශ්‍රී රාහුල හිමි
11,සැළලිහිණි සංදේශය,8,දිය වන්නා නැමැ ති ඇදි පුර අඟන පට සළු සිරි රැපැයි නි තිරැඳි රළ රළැ’ති හොය,true,3,දිය වන්නා නැමැ ති ඇදි පුර අඟන,standard,"අඟන, අංගනාව, කාන්තාව","ජයවද්දන පුරය, ජයවර්ධන පුරය","ජයවද්දන පුරය නම් වූ අංගනාව, ජයවද්දන පුරය නම් වූ කාන්තාව",කෝට්ටේ යුගය,තොටගමුවේ ශ්‍රී රාහුල හිමි
12,සැළලිහිණි සංදේශය,8,දිය වන්නා නැමැ ති ඇදි පුර අඟන පට සළු සිරි රැපැයි නි තිරැඳි රළ රළැ’ති හොය,true,3,දිය වන්නා නැමැ ති පට සළු,standard,"පට සළු, පටසළුව","දිය වන්නා, දියවන්නා ඔය",දියවන්නා ඔය නම් වූ පටසළුව,කෝට්ටේ යුගය,තොටගමුවේ ශ්‍රී රාහුල හිමි
13,සැළලිහිණි සංදේශය,9,සමනළ මුහුළ මහ සමුදුර මෙවුල බ ර,true,1, මහ සමුදුර මෙවුල,standard,"මෙවුල, මෙවුල් දම","මහ සමුදුර, මහමුහුද",මහමුහුද නම් වු මෙවුල් දම,කෝට්ටේ යුගය,තොටගමුවේ ශ්‍රී රාහුල හිමි
14,සැළලිහිණි සංදේශය,9,සුලකළ පුවළ ලක’ඟන සිරි යොවුන් ව ර,true,2,සුලකළ පුවළ,standard,"පුවළ, කෙස් වැටිය","සුලකළ, සමන්ත කූඨය",සමන්ත කූඨය නම් වූ කෙස් වැටිය,කෝට්ටේ යුගය,තොටගමුවේ ශ්‍රී රාහුල හිමි
15,සැළලිහිණි සංදේශය,9,සුලකළ පුවළ ලක’ඟන සිරි යොවුන් ව ර,true,2,ලක’ඟන,standard,"ලක, ලංකාව","අඟන, අංගනාව, කාන්තාව",ලංකාව  නම් වූ අංගනාව,කෝට්ටේ යුගය,තොටගමුවේ ශ්‍රී රාහුල හිමි
16,සැළලිහිණි සංදේශය,9,තරකර විසල් වාසල් යතුරු මෙනුව ර,false,0,,,,,,කෝට්ටේ යුගය,තොටගමුවේ ශ්‍රී රාහුල හිමි
17,සැළලිහිණි සංදේශය,9,බැඳ හළ රුවන් තණ පට කියලිය පවු ර,true,1,රුවන් තණ පට කියලිය පවුර,standard,"රුවන් තණ පට, රත්තරනින් නිමා කළ තනපට","පවුර, ප්‍රාකාරය",රත්තරනින් නිමා කළ තනපට නම් වූ ප්‍රාකාරය,කෝට්ටේ යුගය,තොටගමුවේ ශ්‍රී රාහුල හිමි
18,සැළලිහිණි සංදේශය,19,රිවිබිම්බා යුරු රවිකුල කමල’ක ර,true,1,රවිකුල කමල’ක ර,standard,"කමල’ක ර, නෙළුම් විල","රවිකුල, සූර්ය වංශය",සූර්ය වංශය  නම් වූ නෙළුම් විල,කෝට්ටේ යුගය,තොටගමුවේ ශ්‍රී රාහුල හිමි
19,සැළලිහිණි සංදේශය,19,පියුම'ම්බා නිතොරව රැඳී උර මැදු ර,true,2,පියුම'ම්බා,standard,"පියුම, නෙලුම් මල","අම්බා, කාන්තාව",නෙලුම් මල  නම් වූ කාන්තාව,කෝට්ටේ යුගය,තොටගමුවේ ශ්‍රී රාහුල හිමි
20,සැළලිහිණි සංදේශය,19,පියුම'ම්බා නිතොරව රැඳී උර මැදු ර,true,2,උර මැදු ර,standard,උර මැදු ර,උර මැදු ර,පපුව  නම් වූ මන්දිරය,කෝට්ටේ යුගය,තොටගමුවේ ශ්‍රී රාහුල හිමි
21,සැළලිහිණි සංදේශය,19,මෙනරම්බා හිමි රූ සිරිනි මනහ ර,false,0,,,,,,කෝට්ටේ යුගය,තොටගමුවේ ශ්‍රී රාහුල හිමි
22,සැළලිහිණි සංදේශය,19,පැරකුම්බා නරනි' ඳු සඳ දකු මිතු ර,true,1,පැරකුම්බා නරනි' ඳු සඳ,standard,"සඳ, චන්ද්‍රයා",පැරකුම්බා නරනි' ඳු,පරාක්‍රමබාහු රජු  නම් වූ චන්ද්‍රයා,කෝට්ටේ යුගය,තොටගමුවේ ශ්‍රී රාහුල හිමි
23,සැළලිහිණි සංදේශය,24,උදාගිරි කසුන් රිටිවැට හිස බැබ ළී,true,1,උදාගිරි කසුන් රිටිවැට,standard,"කසුන් රිටිවැට, රන් පහන් කණුව","උදාගිරි, උදාගිර පර්වතය",උදාගිර පර්වතය නම් වූ රන් පහන් කණුව,කෝට්ටේ යුගය,තොටගමුවේ ශ්‍රී රාහුල හිමි
24,සැළලිහිණි සංදේශය,24,එදා සහසකර පහනෙ’ව් කරන හෙ ළී,false,0,,,,,,කෝට්ටේ යුගය,තොටගමුවේ ශ්‍රී රාහුල හිමි
25,සැළලිහිණි සංදේශය,24,යොදා නුවන් ඉසුරුට කරන පුද කෙ ළී,false,0,,,,,,කෝට්ටේ යුගය,තොටගමුවේ ශ්‍රී රාහුල හිමි
26,සැළලිහිණි සංදේශය,24,විදා පියා නිලඹර යන් නොවී මැ ළී,false,0,,,,,,කෝට්ටේ යුගය,තොටගමුවේ ශ්‍රී රාහුල හිමි
27,සැළලිහිණි සංදේශය,25,සුර රද සමන් සමගින් සුරඟන එව ර,false,0,,,,,,කෝට්ටේ යුගය,තොටගමුවේ ශ්‍රී රාහුල හිමි
28,සැළලිහිණි සංදේශය,25,පැහැනද මදාරා පරසතු මල් පත ර,false,0,,,,,,කෝට්ටේ යුගය,තොටගමුවේ ශ්‍රී රාහුල හිමි
29,සැළලිහිණි සංදේශය,25,කරපුද වඳින රැඳි මුණි සිරිපා තඹ ර,true,1,සිරිපා තඹ ර,standard,"තඹර, නෙළුම් මල","සිරිපා, ශ්‍රී පාද",ශ්‍රී පාද නම් වු නෙළුම් මල,කෝට්ටේ යුගය,තොටගමුවේ ශ්‍රී රාහුල හිමි
30,සැළලිහිණි සංදේශය,25,සකිසඳ පෙනේ සමනළ ගල නැගෙනහි,true,1,සකිසඳ,standard,"සඳ, චන්ද්‍රයා","සකි, මිතුරා ",මිතුරා නම් වූ චන්ද්‍රයා,කෝට්ටේ යුගය,තොටගමුවේ ශ්‍රී රාහුල හිමි
31,සැළලිහිණි සංදේශය,27,වලඳින අදහසින් මෙන් සුරගඟ අග න,true,1,ගඟ අගන,standard,"අගන, කාන්තාව","ගඟ, ගංගාව ",ගංගාව නම් වූ කාන්තාව,කෝට්ටේ යුගය,තොටගමුවේ ශ්‍රී රාහුල හිමි
32,සැළලිහිණි සංදේශය,27,නල බල සසල දළ රළ පෙළ නුඹ නැගෙ න,false,0,,,,,,කෝට්ටේ යුගය,තොටගමුවේ ශ්‍රී රාහුල හිමි
33,සැළලිහිණි සංදේශය,27,වෙලල’සැ ගැවසි මුතුසක් පබලු බබල න,false,0,,,,,,කෝට්ටේ යුගය,තොටගමුවේ ශ්‍රී රාහුල හිමි
34,සැළලිහිණි සංදේශය,27,බල මහ මුහුද එම සඳ උතුරෙන් පෙනෙ න,false,0,,,,,,කෝට්ටේ යුගය,තොටගමුවේ ශ්‍රී රාහුල හිමි
35,සැළලිහිණි සංදේශය,37,වන සිරි පියුම් රා බඳ රන’බරණ යු රූ,true,1,වන සිරි ,standard,"සිරි, ශ්‍රී කාන්තාව","වන, වනාන්තරය ",වනාන්තරය නම් වූ ශ්‍රී කාන්තාව,කෝට්ටේ යුගය,තොටගමුවේ ශ්‍රී රාහුල හිමි
36,සැළලිහිණි සංදේශය,37,වට පිරි සුපුල් දුනුකේ මල් මුරුතු තු රූ,false,0,,,,,,කෝට්ටේ යුගය,තොටගමුවේ ශ්‍රී රාහුල හිමි
37,සැළලිහිණි සංදේශය,37,බිඟු පිරි වැරූ ඔලු පුලැ ඹුල වල තඹු රූ,false,0,,,,,,කෝට්ටේ යුගය,තොටගමුවේ ශ්‍රී රාහුල හිමි
38,සැළලිහිණි සංදේශය,37,හිම සරි සිහිල් දිය හෙබ දැක යන් මිතු රූ,false,0,,,,,,කෝට්ටේ යුගය,තොටගමුවේ ශ්‍රී රාහුල හිමි
39,සැළලිහිණි සංදේශය,39,බන්නේ මරා මිණිදුල පබළු මුතු ප ට,false,0,,,,,,කෝට්ටේ යුගය,තොටගමුවේ ශ්‍රී රාහුල හිමි
40,සැළලිහිණි සංදේශය,39,වැන්නේ ගම'ඹු ගෙලෙ පලමල් කුමුක ව ට,true,1,ගම'ඹු,standard,"අඹු, කාන්තාව",ගම,ගම නම් වූ කාන්තාව,කෝට්ටේ යුගය,තොටගමුවේ ශ්‍රී රාහුල හිමි
41,සැළලිහිණි සංදේශය,39,ගන්නේ තසිත එබැවින් නොවැද්ද කෙළිය ට,false,0,,,,,,කෝට්ටේ යුගය,තොටගමුවේ ශ්‍රී රාහුල හිමි
42,සැළලිහිණි සංදේශය,39,යන්නේ වෙළඳගොඩ දැක මඳ කලක් සි ට,false,0,,,,,,කෝට්ටේ යුගය,තොටගමුවේ ශ්‍රී රාහුල හිමි
43,සැළලිහිණි සංදේශය,47,නුවනින් නිල් උපුල් මදහසිනි හෙළැඹු ල,true,2,නුවනින් නිල් උපුල්,standard,"නිල් උපුල්, නිල් මානෙල් මල්","නුවනින්, ඇස්",ඇස් නම් වූ නිල් මානෙල් මල්,කෝට්ටේ යුගය,තොටගමුවේ ශ්‍රී රාහුල හිමි
44,සැළලිහිණි සංදේශය,47,නුවනින් නිල් උපුල් මදහසිනි හෙළැඹු ල,true,2,මදහසිනි හෙළැඹු ල,standard,"හෙළැඹු ල, සුදු මානෙල් මල","මදහස, මද සිනාව",මද සිනාව නම් වූ සුදු මානෙල් මල,කෝට්ටේ යුගය,තොටගමුවේ ශ්‍රී රාහුල හිමි
45,සැළලිහිණි සංදේශය,47,වුවනින් කමල් පෑ පවනතින් රතු’පු ල,true,1,වුවනින් කමල්,standard,"කමල්, නෙලුම් මල","වුවන, මුහුණ ",මුහුණ නම් වූ නෙලුම් මල,කෝට්ටේ යුගය,තොටගමුවේ ශ්‍රී රාහුල හිමි
46,සැළලිහිණි සංදේශය,47,පවතින් අඹල රන ලිය වන් ලියන් කැ ල,false,0,,,,,,කෝට්ටේ යුගය,තොටගමුවේ ශ්‍රී රාහුල හිමි
47,සැළලිහිණි සංදේශය,47,රුවනින් ලකළ ගඟ දිය කෙළ නිමුණු ක ල,false,0,,,,,,කෝට්ටේ යුගය,තොටගමුවේ ශ්‍රී රාහුල හිමි
48,සැළලිහිණි සංදේශය,48,වඳිමින් සවස නල හැසිරෙන දිග’තුව ල,true,1,දිග’තු,standard,අතු,"දිග, දිසා",දිසා නම් වූ අතු,කෝට්ටේ යුගය,තොටගමුවේ ශ්‍රී රාහුල හිමි
49,සැළලිහිණි සංදේශය,48,සොබමන් සුනිල මිණි නිල් නුබතුරැ විපු ල,true,1,නුබතුරැ,standard,"තුරැ, ගස, වෘක්ෂය","නුබ, අහස ","අහස නම් වූ ගස, අහස නම් වූ වෘක්ෂය",කෝට්ටේ යුගය,තොටගමුවේ ශ්‍රී රාහුල හිමි
50,සැළලිහිණි සංදේශය,48,පත’සන් අවර ගිරි නැටියෙන් වැටෙන ක ල,true,1,අවර ගිරි නැටි,standard,"නැටි, නටු","අවර ගිරි, බටහිර දිශාව",බටහිර දිශාව නම් වූ නටු,කෝට්ටේ යුගය,තොටගමුවේ ශ්‍රී රාහුල හිමි
51,සැළලිහිණි සංදේශය,48,විලිකුන් සුරත් පල වැනි වේ රවි මඬ ල,false,0,,,,,,කෝට්ටේ යුගය,තොටගමුවේ ශ්‍රී රාහුල හිමි
52,සැළලිහිණි සංදේශය,51,උදුල සොමි කැලුම් නිසයුරු හිමි පුව ළ,true,1,සොමි හිමි,standard,"හිමි, ස්වාමි පුරුෂයා","සොමි,චන්ද්‍රයා",චන්ද්‍රයා නම් වූ ස්වාමි පුරුෂයා,කෝට්ටේ යුගය,තොටගමුවේ ශ්‍රී රාහුල හිමි
53,සැළලිහිණි සංදේශය,51,පහළ වන බැවින් තම වෙත නිස'ඹු දො ළ,true,1,නිස'ඹු,standard,"අඹු, භාර්යාව","නිස, රාත්‍රිය ",රාත්‍රිය නම් වූ භාර්යාව,කෝට්ටේ යුගය,තොටගමුවේ ශ්‍රී රාහුල හිමි
54,සැළලිහිණි සංදේශය,51,ලකළ ගුවන් තල සිරි යහනෑ නිකස ළ,true,1,ගුවන් තල සිරි යහනෑ,standard,"සිරි යහනෑ, සිරියහන","ගුවන් තල, අහස ",අහස නැමැති සිරියහන,කෝට්ටේ යුගය,තොටගමුවේ ශ්‍රී රාහුල හිමි
55,සැළලිහිණි සංදේශය,51,අතුල කුසුම් විලසින් සැදෙන තුරු වැ ළ,false,0,,,,,,කෝට්ටේ යුගය,තොටගමුවේ ශ්‍රී රාහුල හිමි
56,සැළලිහිණි සංදේශය,54,දිය කඳ ගැඹුර පිරි පුවතර මහ සයු ර,false,0,,,,,,කෝට්ටේ යුගය,තොටගමුවේ ශ්‍රී රාහුල හිමි
57,සැළලිහිණි සංදේශය,54,මුවරඳ ලෙසින් වත අග ති’සි කර තඹ ර,true,1,කර තඹර,standard,"තඹර, නෙලුම් මල","කර, අත්ල",අත්ල නම් වූ නෙලුම් මල,කෝට්ටේ යුගය,තොටගමුවේ ශ්‍රී රාහුල හිමි
58,සැළලිහිණි සංදේශය,54,මන නද කරන මිණි ගණ මෙන් දිසි එව ර,false,0,,,,,,කෝට්ටේ යුගය,තොටගමුවේ ශ්‍රී රාහුල හිමි
59,සැළලිහිණි සංදේශය,54,පැහැනද පහන් එහි මහ වෙයැ බල මිතු ර,false,0,,,,,,කෝට්ටේ යුගය,තොටගමුවේ ශ්‍රී රාහුල හිමි
60,සැළලිහිණි සංදේශය,55,උදය’ග පියුම් රා පැහැ වැද මෙන් රැඳු ණු,false,0,,,,,,කෝට්ටේ යුගය,තොටගමුවේ ශ්‍රී රාහුල හිමි
61,සැළලිහිණි සංදේශය,55,"පෙර දිග පෙනෙන සඳ සඳ, කැල්මෙන් දිලු ණු",false,0,,,,,,කෝට්ටේ යුගය,තොටගමුවේ ශ්‍රී රාහුල හිමි
62,සැළලිහිණි සංදේශය,55,මනරඟ එ පුරැ සඳකත ගෙහ’ඹින් වැඩු ණු,true,2,සඳකත,standard,"කත, කාන්තාව",සඳ,සඳ නම් වූ කාන්තාව,කෝට්ටේ යුගය,තොටගමුවේ ශ්‍රී රාහුල හිමි
63,සැළලිහිණි සංදේශය,55,මනරඟ එ පුරැ සඳකත ගෙහ’ඹින් වැඩු ණු,true,2,ගෙහ’ඹින්,standard,"ගෙහ, ගංගාව","අඹ, අහස",අහස නම් වූ ගංගාව,කෝට්ටේ යුගය,තොටගමුවේ ශ්‍රී රාහුල හිමි
64,සැළලිහිණි සංදේශය,55,සුරඟන පතිනි දම් රැකුමෙහි වැනි දැපූ ණු,true,1,පතිනි දම්,dead,"දම්, ධර්මය","පතිනි, පතිවත ",පතිවත නම් වූ ධර්මය,කෝට්ටේ යුගය,තොටගමුවේ ශ්‍රී රාහුල හිමි
65,සැළලිහිණි සංදේශය,57,ඔද වැඩි කෙළි මගුල් ලැබ තුටු නිසා ක ල,false,0,,,,,,කෝට්ටේ යුගය,තොටගමුවේ ශ්‍රී රාහුල හිමි
66,සැළලිහිණි සංදේශය,57,සඳ සක් මදොසිනැ’ද දෙත දුණු කැන් දුහු ල,true,1,සඳ සක්,standard,"සක්, සක් පෙට්ටිය",සඳ,සඳ නම් වූ සක් පෙට්ටිය,කෝට්ටේ යුගය,තොටගමුවේ ශ්‍රී රාහුල හිමි
67,සැළලිහිණි සංදේශය,57,සඳ සක් මදොසිනැ’ද දෙත දුණු කැන් දුහු ල,true,1,කැන් දුහු ල,standard,"දුහුල,  දුහුල් සළුව","කැන්, රශ්මිය ",රශ්මිය නම් වූ දුහුල් සළුව,කෝට්ටේ යුගය,තොටගමුවේ ශ්‍රී රාහුල හිමි
68,සැළලිහිණි සංදේශය,57,හොඳ පුර අඟන පහ සුමුගින් පහැ උදු ල,true,2,පුර අඟන,standard,"අඟන, කාන්තාව","පුර, නගරය ",නගරය නම් වූ කාන්තාව,කෝට්ටේ යුගය,තොටගමුවේ ශ්‍රී රාහුල හිමි
69,සැළලිහිණි සංදේශය,57,හොඳ පුර අඟන පහ සුමුගින් පහැ උදු ල,true,2,පහ සුමුගින්,standard,පහ සුමුගින්,පහ සුමුගින්,ප්‍රාසාද නම් වූ කරඬුව,කෝට්ටේ යුගය,තොටගමුවේ ශ්‍රී රාහුල හිමි
70,සැළලිහිණි සංදේශය,57,සෙද දුන් අඹර මතු ඇය රැස් මිණිමෙවු ල,true,2,අඹර මතු ඇය,standard,"ඇය, කාන්තාව","අඹර, රාත්‍රිය ",රාත්‍රිය නැමැති කාන්තාව,කෝට්ටේ යුගය,තොටගමුවේ ශ්‍රී රාහුල හිමි
71,සැළලිහිණි සංදේශය,57,සෙද දුන් අඹර මතු ඇය රැස් මිණිමෙවු ල,true,2,රැස් මිණිමෙවු ල,standard,"මිණිමෙවු ල, මිණි මෙවුල් දම","රැස්, රශ්මිය ",රශ්මිය නම් වූ මිණි මෙවුල් දම,කෝට්ටේ යුගය,තොටගමුවේ ශ්‍රී රාහුල හිමි
72,සැළලිහිණි සංදේශය,61,පෙර දල නිදු දිය කඳ රට බිමි ගල ත,true,1,දිය කඳ,standard,කඳ,"දිය, ජලය, ජල පහර",විශාල ජල පහර,කෝට්ටේ යුගය,තොටගමුවේ ශ්‍රී රාහුල හිමි
73,සැළලිහිණි සංදේශය,61,සුර කල හිමි රකිනුව ලක මැවූ ස ත,false,0,,,,,,කෝට්ටේ යුගය,තොටගමුවේ ශ්‍රී රාහුල හිමි
74,සැළලිහිණි සංදේශය,61,මනකල ඒ සමුදුරු පැහැයෙන් දිමු ත,false,0,,,,,,කෝට්ටේ යුගය,තොටගමුවේ ශ්‍රී රාහුල හිමි
75,සැළලිහිණි සංදේශය,61,වඳු සලපිළිම හිමි සිරි සරණ සිය ප ත,true,1,සිරි සියපත,standard,"සියපත, නෙලුම් මල","සිරි පා, ශ්‍රී පාද",ශ්‍රී පාද නම් වූ නෙලුම් මල,කෝට්ටේ යුගය,තොටගමුවේ ශ්‍රී රාහුල හිමි
76,සැළලිහිණි සංදේශය,62,ගිලිය නොදී සැට මහණන් බව මහ ණ,true,1,බව මහ,standard,"මහ, සාගරය","බව, සංසාරය ",සංසාරය නම් වූ සාගරය,කෝට්ටේ යුගය,තොටගමුවේ ශ්‍රී රාහුල හිමි
77,සැළලිහිණි සංදේශය,62,මලිය දෙව් තෙරිඳු වැඩ හිඳ දෙසූ බ ණ,false,0,,,,,,කෝට්ටේ යුගය,තොටගමුවේ ශ්‍රී රාහුල හිමි
78,සැළලිහිණි සංදේශය,62,දිලිය පස් මහල් පායෙහි මිණිකිර ණ,false,0,,,,,,කෝට්ටේ යුගය,තොටගමුවේ ශ්‍රී රාහුල හිමි
79,සැළලිහිණි සංදේශය,62,බැලිය හැකි විනම් දැක වැද යා කල ණ,false,0,,,,,,කෝට්ටේ යුගය,තොටගමුවේ ශ්‍රී රාහුල හිමි
80,සැළලිහිණි සංදේශය,63,පෙර උචිඳා ගෙන ගිරිඥා සිදු සල ත,false,0,,,,,,කෝට්ටේ යුගය,තොටගමුවේ ශ්‍රී රාහුල හිමි
81,සැළලිහිණි සංදේශය,63,නැගි පැහැදා පෙණ සමුදා සැටි නුමු ත,false,0,,,,,,කෝට්ටේ යුගය,තොටගමුවේ ශ්‍රී රාහුල හිමි
82,සැළලිහිණි සංදේශය,63,මෙන උළිඳා පැහැ විහිදා මෙදිගු වි ත,true,1,දිගු විත,standard,"විත, බිත්ති","දිගු, දිසා",දිසා නම් වූ බිත්ති,කෝට්ටේ යුගය,තොටගමුවේ ශ්‍රී රාහුල හිමි
83,සැළලිහිණි සංදේශය,63,සැදි වටදා ගෙයි වඳු දා ගැබ දිමු ත,false,0,,,,,,කෝට්ටේ යුගය,තොටගමුවේ ශ්‍රී රාහුල හිමි
84,සැළලිහිණි සංදේශය,67,සසරින් මුදා ලෙව් සදහම් අමා දී,true,1,සදහම් අමා,standard,"අමා, අමෘතය","සදහම්, සද්ධර්මය",සද්ධර්මය නම් වූ අමෘතය,කෝට්ටේ යුගය,තොටගමුවේ ශ්‍රී රාහුල හිමි
85,සැළලිහිණි සංදේශය,67,එක’ඟින් මුනිඳු හුන්වැනි නිපරමා ,false,0,,,,,,කෝට්ටේ යුගය,තොටගමුවේ ශ්‍රී රාහුල හිමි
86,සැළලිහිණි සංදේශය,67,ලකුණෙන් සපිරි පිළිමය දැක සමා දී,false,0,,,,,,කෝට්ටේ යුගය,තොටගමුවේ ශ්‍රී රාහුල හිමි
87,සැළලිහිණි සංදේශය,67,වැදගත් මිතුර තුන් සිත කර සමා දී,false,0,,,,,,කෝට්ටේ යුගය,තොටගමුවේ ශ්‍රී රාහුල හිමි
88,සැළලිහිණි සංදේශය,70,සමනළ ගිරි ගිජිදු දිගු කළ සොඬෙක සැ ටි,true,1,සමනළ ගිරි ගිජිදු,standard,"ගිජිදු, හස්තියා","සමනළ ගිරි, සමන්තකූය පර්වතය",සමන්තකූය පර්වතය නම් වූ හස්තියා,කෝට්ටේ යුගය,තොටගමුවේ ශ්‍රී රාහුල හිමි
89,සැළලිහිණි සංදේශය,70,සිහිලළ ගඟැ සිලිල් සනහා මුණි නොගැ ටි,false,0,,,,,,කෝට්ටේ යුගය,තොටගමුවේ ශ්‍රී රාහුල හිමි
90,සැළලිහිණි සංදේශය,70,පැහැදුල තුන් සිවුරු ඇඳ පෙරව වැඩ සි ටි,false,0,,,,,,කෝට්ටේ යුගය,තොටගමුවේ ශ්‍රී රාහුල හිමි
91,සැළලිහිණි සංදේශය,70,තැන කළ සිවුරු දා ගැබ වඳු නොපා පි ටි,false,0,,,,,,කෝට්ටේ යුගය,තොටගමුවේ ශ්‍රී රාහුල හිමි
92,සැළලිහිණි සංදේශය,81,නමකළ සත හැලේ සිහිලේ සැප සිලි ලී,true,2,සත හැලේ,standard,"හැලේ, ඇල් කෙත","සත, සත්ත්වයන්",සත්ත්වයන් නම් වූ ඇල් කෙත,කෝට්ටේ යුගය,තොටගමුවේ ශ්‍රී රාහුල හිමි
93,සැළලිහිණි සංදේශය,81,නමකළ සත හැලේ සිහිලේ සැප සිලි ලී,true,2,සැප සිලි,standard,"සිලි, ජලය",සැප,සැප නම් වූ ජලය,කෝට්ටේ යුගය,තොටගමුවේ ශ්‍රී රාහුල හිමි
94,සැළලිහිණි සංදේශය,81,බියසෙන රුපු කැලේ තුමුලේ දෙන නොක ලී,true,2,රුපු කැලේ,standard,"කැලේ, වනාන්තරය","රුපු, සතුරන්",සතුරන් නම් වූ වනාන්තරය,කෝට්ටේ යුගය,තොටගමුවේ ශ්‍රී රාහුල හිමි
95,සැළලිහිණි සංදේශය,81,බියසෙන රුපු කැලේ තුමුලේ දෙන නොක ලී,true,2,බියසෙන,standard,"සෙන, හෙණ","බිය, භීතිය",භීතිය නම් වූ හෙණ,කෝට්ටේ යුගය,තොටගමුවේ ශ්‍රී රාහුල හිමි
96,සැළලිහිණි සංදේශය,81,නළලත ගිරි තෙලේ සුනිලේ රැසිනි පි ලී,true,1,නළලත ගිරිතෙලේ,standard,"ගිරිතෙලේ, පර්වත තලය","නළලත, නළල",නළල නම් වූ පර්වත තලය,කෝට්ටේ යුගය,තොටගමුවේ ශ්‍රී රාහුල හිමි
97,සැළලිහිණි සංදේශය,81,සුරරද දෙබැ මලේ ගනලේ සිරි කිය ලී,false,0,,,,,,කෝට්ටේ යුගය,තොටගමුවේ ශ්‍රී රාහුල හිමි
98,සැළලිහිණි සංදේශය,82,සතුරු සුර අඳුරු එක පැහැර දුරු ක ළ,true,1,සතුරු සුර අඳුරු,standard,"අඳුරු, අන්ධකාරය","සතුරු, හතුරන් ",හතුරන් නම් වූ අන්ධකාරය,කෝට්ටේ යුගය,තොටගමුවේ ශ්‍රී රාහුල හිමි
99,සැළලිහිණි සංදේශය,82,මිතුරු තඹුරු වන නිරතුරු පුබුදු ක ළ,true,1,මිතුරු තඹුරු,standard,"තඹුරු, නෙලුම් විල","මිතුරු, යහළුවන් ",යහළුවන් නම් වූ නෙලුම් විල,කෝට්ටේ යුගය,තොටගමුවේ ශ්‍රී රාහුල හිමි
100,සැළලිහිණි සංදේශය,82,අතුරු තුසර සිඳු වන දැකුමෙන් පහ ළ,true,1,අතුරු තුසර,standard,"තුසර, ගින්න","අතුරු, අන්තරාය ",අන්තරාය නම් වූ ගින්න,කෝට්ටේ යුගය,තොටගමුවේ ශ්‍රී රාහුල හිමි
101,සැළලිහිණි සංදේශය,82,ලහිරු සිරින් දිලිහිණි හිමි නෙත සඟ ළ,false,0,,,,,,කෝට්ටේ යුගය,තොටගමුවේ ශ්‍රී රාහුල හිමි
102,සැළලිහිණි සංදේශය,85,කනා මිණි වළලු නැගි රැස් මල් කැනැ ති,true,1,රැස් මල් කැනැති,standard,"මල් කැනැති, මල් පොකුරු",රැස්,රැස් නම් වූ මල් පොකුරු,කෝට්ටේ යුගය,තොටගමුවේ ශ්‍රී රාහුල හිමි
103,සැළලිහිණි සංදේශය,85,මනා දිගු ඇගිලි නව තඹ ළපලු ඇ ති,true,1,ඇගිලි නව තඹ ළපලු,standard,"නව තඹ ළපලු, තඹ පාට අලුත් දළු","ඇගිලි, ඇඟිලි",ඇඟිලි නැමැති තඹ පාට අලුත් දළු,කෝට්ටේ යුගය,තොටගමුවේ ශ්‍රී රාහුල හිමි
104,සැළලිහිණි සංදේශය,85,දනා කැමති දෙන පලඹ’ත එසුර ප තී,false,0,,,,,,කෝට්ටේ යුගය,තොටගමුවේ ශ්‍රී රාහුල හිමි
105,සැළලිහිණි සංදේශය,85,දිනා දිමුතු අතු සිරි සුරතුර පැව ති,false,0,,,,,,කෝට්ටේ යුගය,තොටගමුවේ ශ්‍රී රාහුල හිමි
106,සැළලිහිණි සංදේශය,92,තුන ලෝ තමා නතු කළ රවුළු සොහොවු රු,false,0,,,,,,කෝට්ටේ යුගය,තොටගමුවේ ශ්‍රී රාහුල හිමි
107,සැළලිහිණි සංදේශය,92,තුන් කල් බලා රමිඳු’ට වූ ඉටු මිතු රු,false,0,,,,,,කෝට්ටේ යුගය,තොටගමුවේ ශ්‍රී රාහුල හිමි
108,සැළලිහිණි සංදේශය,92,තුන් වේ ඇදුරු පුලති’සිකුල මිණි මිතු රු,false,0,,,,,,කෝට්ටේ යුගය,තොටගමුවේ ශ්‍රී රාහුල හිමි
109,සැළලිහිණි සංදේශය,92,තුන් විටෙකම වඳු ඒ සුරිඳු පා තඹු රු,true,1,පා තඹු රු,standard,"තඹුරු, නෙලුම් මල","පා, පාද",පාද නම් වූ නෙලුම් මල,කෝට්ටේ යුගය,තොටගමුවේ ශ්‍රී රාහුල හිමි
110,සැළලිහිණි සංදේශය,95,රජකුල සුපුල් විල රජ හස වන් සර න,true,1,රජකුල සුපුල් විල,standard,"සුපුල් විල, පියුම් පිපුණු විල","රජකුල, රාජ කුලය",රාජ කුලය නම් වූ පියුම් පිපුණු විල,කෝට්ටේ යුගය,තොටගමුවේ ශ්‍රී රාහුල හිමි
111,සැළලිහිණි සංදේශය,95,පෙර මල’වියාවන් රුසිරින් මන නඳ න,true,1,,,,,,කෝට්ටේ යුගය,තොටගමුවේ ශ්‍රී රාහුල හිමි
112,සැළලිහිණි සංදේශය,95,හැම කල විපුල සව් සැපතින් නොඅඩුව න,true,1,,,,,,කෝට්ටේ යුගය,තොටගමුවේ ශ්‍රී රාහුල හිමි
113,සැළලිහිණි සංදේශය,95,තෙද බල විකුම් ගුණ මිණි බරණින් තෙවු න,true,2,තෙද බල,standard,"බල, බලය","තෙද, තේජස ",තේජස නම් වූ බලය,කෝට්ටේ යුගය,තොටගමුවේ ශ්‍රී රාහුල හිමි
114,සැළලිහිණි සංදේශය,95,තෙද බල විකුම් ගුණ මිණි බරණින් තෙවු න,true,2,විකුම් ගුණ මිණි බරණින් ,standard,"මිණි බරණ, මැණික් ආභරණය","විකුම් ගුණ, වික්‍රම ගුණ",වික්‍රම ගුණ නැමැති මැණික් ආභරණය,කෝට්ටේ යුගය,තොටගමුවේ ශ්‍රී රාහුල හිමි
115,සැළලිහිණි සංදේශය,97,රවි කුල ලමැණි ගොත් පිරිසිදු ගුවන් මැ ද,true,1,ලමැණි ගොත් පිරිසිදු ගුවන්,standard,"පිරිසිදු ගුවන්, පිරිසිදු අහස","ලමැණි ගොත්, ලම්භකරන ගෝත්‍රය",ලම්භකරන ගෝත්‍රය නම් වූ පිරිසිදු අහස,කෝට්ටේ යුගය,තොටගමුවේ ශ්‍රී රාහුල හිමි
116,සැළලිහිණි සංදේශය,97,පැහැදුල සරා කල්පත් සහසකර බ ඳ,false,0,,,,,,කෝට්ටේ යුගය,තොටගමුවේ ශ්‍රී රාහුල හිමි
117,සැළලිහිණි සංදේශය,97,කිව්කැල ගෙලට මුතුහර වන් යස පබ ඳ,true,1,යස පබඳ,standard,"පබඳ, කදම්භය","යස, කීර්තිය ",කීර්තිය නම් වූ කදම්භය,කෝට්ටේ යුගය,තොටගමුවේ ශ්‍රී රාහුල හිමි
118,සැළලිහිණි සංදේශය,97,සිරිකල කුල නිවෙස් දිය පතළ තද තෙ ද,false,0,,,,,,කෝට්ටේ යුගය,තොටගමුවේ ශ්‍රී රාහුල හිමි
119,සැළලිහිණි සංදේශය,101,යෙහෙළිත් කෙරේ සකි සැප සමග සිත්මේ,true,1,සකි සැප,standard,සකි සැප,"සකි, මිතුරන්",මිතුරන් නම් වූ සැප,කෝට්ටේ යුගය,තොටගමුවේ ශ්‍රී රාහුල හිමි
120,සැළලිහිණි සංදේශය,101,කුළුණින් දැසි දසුන් වෙත වසින වත් මේ,false,0,,,,,,කෝට්ටේ යුගය,තොටගමුවේ ශ්‍රී රාහුල හිමි
121,සැළලිහිණි සංදේශය,101,රකිමින් පතිනි දැමි යහපත් සිරිත් මේ,true,1,පතිනි දැමි,dead,"දැමි, දම්, ධර්මය","පතිනි, පතිවත ",පතිවත නම් වූ ධර්මය,කෝට්ටේ යුගය,තොටගමුවේ ශ්‍රී රාහුල හිමි
122,සැළලිහිණි සංදේශය,101,සිහිනෙන් නිපන් වැනි දස පින් පැවැත් මේ,false,0,,,,,,කෝට්ටේ යුගය,තොටගමුවේ ශ්‍රී රාහුල හිමි
123,කව්සිළුමිණ,4,කිවිබැව් කිවිදමේ කුසුම් සැපතෙහි විපුල් ,true,2,කිවිබැව් කුසුම් සැපතෙහි විපුල් ,standard,"කුසුම් සැපතෙහි විපුල්, මල් හටගැනීම",කිවිබැව්,කාව්‍යකරණයෙහි කුසලතාව නම් වූ මල් හටගැනීම,දඹදෙණි යුගය,දෙවන පරාක්‍රමබාහු රජු
124,කව්සිළුමිණ,4,කිවිබැව් කිවිදමේ කුසුම් සැපතෙහි විපුල් ,true,2,කිවිදමේ ,standard,"දම, ගස","කිවි, කාව්‍ය",කාව්‍ය නම් වූ ගස,දඹදෙණි යුගය,දෙවන පරාක්‍රමබාහු රජු
125,කව්සිළුමිණ,4,පෙලෙ බෝසත් සර වැනුම් වියතෙ මුව පත් වේවා,true,1,පෙලෙ බෝසත් සර වැනුම්,standard,"පෙලෙ, ඵලය","බෝසත් සර වැනුම්, බෝධිසත්ව වර්ණනාව ",බෝධිසත්ව වර්ණනාව නම් වූ ඵලය,දඹදෙණි යුගය,දෙවන පරාක්‍රමබාහු රජු
126,කව්සිළුමිණ,8,දෙරණ වුලුඹෙපුරේ නුබසරන සර දුර ලු ,false,0,,,,,,දඹදෙණි යුගය,දෙවන පරාක්‍රමබාහු රජු
127,කව්සිළුමිණ,8,නුබ පා ගත් මිණි වලා මහවුරු සේ මිණි වලා,true,1,නුබ පා ,standard,"පා, පාත්‍රය","නුබ, ආකාශය, අහස","ආකාශය නම් වූ පාත්‍රය, අහස නම් වූ පාත්‍රය",දඹදෙණි යුගය,දෙවන පරාක්‍රමබාහු රජු
128,කව්සිළුමිණ,16,කෙළෙ තුටු රඟොත මතඟන විදු වද ගත ගැජුම් ,true,2,මතඟන විදු,standard,"මතඟන , මත් වූ අඟනුන්","විදු, විදුලිය",විදුලිය නම් වූ මත් වූ අඟනුන්,දඹදෙණි යුගය,දෙවන පරාක්‍රමබාහු රජු
129,කව්සිළුමිණ,16,කෙළෙ තුටු රඟොත මතඟන විදු වද ගත ගැජුම් ,true,2,වද ගත ගැජුම්,standard,"වද ගත, වාදන සංගීතය","ගැජුම්, ගෙරවුම් හඬ",ගෙරවුම් හඬ නම් වූ වාදන සංගීතය ,දඹදෙණි යුගය,දෙවන පරාක්‍රමබාහු රජු
130,කව්සිළුමිණ,16,ගෙනෙ ඉඳුනිල්මිණි විමන් විමන් සිකිකැන් ඒ පුරේ,true,1,විමන් විමන්,standard,"විමන්, ගෙවල්","විමන්, වැසි වලාකුලු",වැසි වලාකුලු නම් වූ ගෙවල්,දඹදෙණි යුගය,දෙවන පරාක්‍රමබාහු රජු
131,කව්සිළුමිණ,17,මුහුලත් තඹුරු වින් දනනඟනන් උවන් සඳ ,true,2,මුහුලත් තඹුරු,standard,"තඹුරු, නෙලුම් මල්","මුහුලත්, හකුළුවන ලද අත්",හකුළුවන ලද අත් නම් වූ නෙලුම් මල්,දඹදෙණි යුගය,දෙවන පරාක්‍රමබාහු රජු
132,කව්සිළුමිණ,17,මුහුලත් තඹුරු වින් දනනඟනන් උවන් සඳ ,true,2,උවන් සඳ,standard,"සඳ, චන්ද්‍රයා","උවන්, මුහුණ",මුහුණ නම් වූ චන්ද්‍රයා,දඹදෙණි යුගය,දෙවන පරාක්‍රමබාහු රජු
133,කව්සිළුමිණ,17,සමහර දිසි පියුම්රා මිණි මැදුරෙ සීමැදුරේ,false,0,,,,,,දඹදෙණි යුගය,දෙවන පරාක්‍රමබාහු රජු
134,කව්සිළුමිණ,19,සුනද මිණි වෙණ කලුන් රතත් තඹරට,true,1,රතත් තඹර,standard,"තඹර, නෙලුම් මල්","රතත්, රතු වූ අත්",රතු වූ අත් නම් වූ නෙලුම් මල්,දඹදෙණි යුගය,දෙවන පරාක්‍රමබාහු රජු
135,කව්සිළුමිණ,19,රැවැ වතළ බිඟු වැල තත් සිරි ඉසුලු පුරවෙරේ,false,0,,,,,,දඹදෙණි යුගය,දෙවන පරාක්‍රමබාහු රජු
136,කව්සිළුමිණ,28,කෙළෙ මේද තුටු මොණර පුරෙ ගජනා ගජවෙලේ ,true,1,ගජවෙලේ ,standard,"වෙලේ, වැහි වලාකුලු","ගජ, ඇතුන් ",ඇතුන් නමැති වැහි වළාකුලු,දඹදෙණි යුගය,දෙවන පරාක්‍රමබාහු රජු
137,කව්සිළුමිණ,28,දැවවී හා සියොත් කැන් වසුරු පොකුරු පොදනෙන්,false,0,,,,,,දඹදෙණි යුගය,දෙවන පරාක්‍රමබාහු රජු
138,කව්සිළුමිණ,30,සෝ පොදනඳ වුවන් විහිදී ගජනත්යතුරෙන් ,true,1,ගජනත්යතුරෙන්,standard,"යතුරෙන්, යන්ත්‍ර","ගජනත්, ඇතුන්ගේ සොඬ",ඇතුන්ගේ සොඬ නමැති යන්ත්‍ර,දඹදෙණි යුගය,දෙවන පරාක්‍රමබාහු රජු
139,කව්සිළුමිණ,30,සීමැදුරෙ සෙපියන් කෙළි දෙළෙන් සරතැස හැගවී,false,0,,,,,,දඹදෙණි යුගය,දෙවන පරාක්‍රමබාහු රජු
140,කව්සිළුමිණ,31,යෙහෙනිස්බෙත පුර සෙත් මගැ රිසිදා එක්හල් ,false,0,,,,,,දඹදෙණි යුගය,දෙවන පරාක්‍රමබාහු රජු
141,කව්සිළුමිණ,31,වසනවූ බව කතරෙහි එපුර ගන සා කප්රුක්,true,2,බව කතරෙහි,standard,"කතර, කාන්තාරය","බව, සංසාරය ",සංසාරය නමැති කාන්තාරය,දඹදෙණි යුගය,දෙවන පරාක්‍රමබාහු රජු
142,කව්සිළුමිණ,31,වසනවූ බව කතරෙහි එපුර ගන සා කප්රුක්,true,2,එපුර ගන සා කප්රුක්,standard,"ගන සා කප්රුක්, ඝන වූ අතුපතරින් යුත් කල්ප වෘක්ෂය","එපුර, ඒ පුරය",ඒ පුරය ඝන වූ අතුපතරින් යුත් කල්ප වෘක්ෂයෙකි,දඹදෙණි යුගය,දෙවන පරාක්‍රමබාහු රජු
143,කව්සිළුමිණ,36,ගුණමුවරද ලෙව් සවනත බිඟුවැල පමණ ,true,2,ගුණමුවරද,standard,"මුවරද, මකරන්දය",ගුණ,ගුණ නමැති මකරන්දය,දඹදෙණි යුගය,දෙවන පරාක්‍රමබාහු රජු
144,කව්සිළුමිණ,36,ගුණමුවරද ලෙව් සවනත බිඟුවැල පමණ ,true,2,සවනත බිඟුවැල,standard,"බිඟුවැල, මී මැස්සෝ","සවනත, කන්",කන් නමැති මී මැස්සෝ,දඹදෙණි යුගය,දෙවන පරාක්‍රමබාහු රජු
145,කව්සිළුමිණ,36,පමණ අමා මදන රස පමා හිද කිරනව්ව පමණ,false,0,,,,,,දඹදෙණි යුගය,දෙවන පරාක්‍රමබාහු රජු
146,කව්සිළුමිණ,38,ඔහු කග මේ හිවි රුපුනඹුවන් බැම මියුරු ,true,2,කග මේ,standard,කග මේ,කග මේ,කඩුව නමැති වැහි වළාකුල,දඹදෙණි යුගය,දෙවන පරාක්‍රමබාහු රජු
147,කව්සිළුමිණ,38,ඔහු කග මේ හිවි රුපුනඹුවන් බැම මියුරු ,true,2,රුපුනඹුවන් බැම මියුරු ,standard,"මියුරු, මොනරුන්","රුපුනඹුවන් බැම, සතුරු ස්ත්‍රීන්ගේ",සතුරු ස්ත්‍රීන්ගේ ඇස්බැම නමැති මොනරුන්,දඹදෙණි යුගය,දෙවන පරාක්‍රමබාහු රජු
148,කව්සිළුමිණ,38,නළල්තල රන් අතළේ කියඹු සිකිපිල් ඇතුලේ,true,2,නළල්තල රන් අතළේ,standard,"රන් අතළ, රත්රන් ගල් තලාව","නළල්තල, නළල්තලය",නළල්තලය නමැති රත්රන් ගල් තලාව,දඹදෙණි යුගය,දෙවන පරාක්‍රමබාහු රජු
149,කව්සිළුමිණ,38,නළල්තල රන් අතළේ කියඹු සිකිපිල් ඇතුලේ,true,2,කියඹු සිකිපිල්,standard,"සිකිපිල්, මොනර පිල්","කියඹු, කෙස් රොද",කෙස් රොද නමැති මොනර පිල්,දඹදෙණි යුගය,දෙවන පරාක්‍රමබාහු රජු
150,කව්සිළුමිණ,58,පැලඹෙතොහු තෙද ගිම් පැදුම්හී රුපුවමියන් ,true,1,තෙද ගිම්,standard,"තෙද, තේජස","ගිම්, ග්‍රීෂ්මය",තේජස නමැති ග්‍රීෂ්මය,දඹදෙණි යුගය,දෙවන පරාක්‍රමබාහු රජු
151,කව්සිළුමිණ,58,තනහස පුඩු තුඩු තබා උරවිල් කුමුටු වන් වූ,false,,,,,,,දඹදෙණි යුගය,දෙවන පරාක්‍රමබාහු රජු
152,කව්සිළුමිණ,59,දුලු දිය මුදුනේ ඉඳුහු එ යස රැස් නොසරස් ,true,1,නොසරස්,standard,"සරස්, චන්ද්‍රයා","නො, රජු",රජු නමැති චන්ද්‍රයා,දඹදෙණි යුගය,දෙවන පරාක්‍රමබාහු රජු
153,කව්සිළුමිණ,59,කෙළෙ දකුණෙ රුපුවමියන් උවන් පියුම්වන මුහුලු,true,1,උවන් පියුම්වන ,standard,"පියුම්වන, නෙලුම් වනය","උවන්, මුහුණු ",මුහුණු නමැති නෙලුම් වනය,දඹදෙණි යුගය,දෙවන පරාක්‍රමබාහු රජු